stamp_sec,stamp_nanosec,x,y,z,qx,qy,qz,qw
4,588000000,0.21882182654689827,-2.0078505123866988,2.7052321531767,0.6250246925952855,0.6246077610314296,0.33115503764211507,-0.3309767658759798
4,885000000,0.2188015966640319,-2.008093031345628,2.705455807826266,0.6250262182305517,0.6246100727713553,0.33115018731908324,-0.3309743750738316
5,83000000,0.21877836264178543,-2.008379144615394,2.7057175168990644,0.6250283078204283,0.624612380926577,0.33114522264043583,-0.3309710403325053
5,347000000,0.21874785018300566,-2.0087752802361445,2.7060742364358745,0.6250317623772357,0.6246141829904154,0.3311409542455477,-0.3309653861783295
5,545000000,0.21870650631725672,-2.0093462001880984,2.7065794050752543,0.6250371721723337,0.6246139829244138,0.3311401816072221,-0.3309563201742015
5,743000000,0.21865411476710217,-2.010121002502262,2.7072523385434737,0.625044176455417,0.6246089050225516,0.3311486076082303,-0.3309442444352658
5,974000000,0.21859733966837303,-2.011044172110196,2.708034944270076,0.6250503041406045,0.6245947366395032,0.33117500405422584,-0.3309329976681852
6,205000000,0.2185542160878362,-2.011909770964353,2.7087344556300588,0.6250494724940399,0.6245670154864998,0.3312294063978013,-0.33093244089778995
6,403000000,0.21855901745060555,-2.012282069766995,2.708955776839369,0.6250306722222421,0.6245240637404321,0.33131745842863497,-0.3309608652559073
6,667000000,0.21866596165392937,-2.0114022421626685,2.7080268796796134,0.6249781394566756,0.6244729264295733,0.3314287580771077,-0.3310451142627288
6,931000000,0.21894883562312104,-2.0080436768450443,2.7049036596615936,0.6248753735917204,0.6244385771231236,0.3315179940023197,-0.3312145083352097
7,129000000,0.21949189058302154,-2.0001519489794615,2.698007411904407,0.6247164068644937,0.6244748965925936,0.3314809872325136,-0.3314828345832466
7,360000000,0.2203655761371184,-1.9836650261239697,2.685052221714747,0.6245279113989032,0.6246722204844964,0.3311346415680262,-0.3318122270084505
7,591000000,0.22157972742072088,-1.9522320902204078,2.664471406794769,0.6244032506482733,0.6251503959977378,0.33022192118797145,-0.3320557870760072
7,789000000,0.22277429075127142,-1.9128455567032576,2.638484673412722,0.6244531794584236,0.6259317921451603,0.3287573954477226,-0.3319430571417987
7,987000000,0.22356112624509333,-1.87057372218016,2.6101364761122245,0.6248734238857866,0.626893085132825,0.3269718296175394,-0.3311007196767496
8,218000000,0.22307325937008238,-1.8286716580487083,2.581510500715134,0.6259194370316141,0.6275727585177583,0.32577868376722796,-0.3290069001029176
8,449000000,0.2220292940059106,-1.789420799038476,2.5539982616356323,0.6270896111644059,0.628153986154893,0.32478074330181106,-0.3266476052686073
8,680000000,0.22099665200780683,-1.7541166277839468,2.5285261132139176,0.6280871295330418,0.6286516374905108,0.3238973457010101,-0.3246447070926676
8,944000000,0.22022901764885824,-1.7225063437291481,2.505012366251338,0.6288661750636714,0.629120277688397,0.3230214045125172,-0.32309779059724786
9,175000000,0.21969136869849878,-1.693272884942692,2.4831337206793656,0.6295035063313529,0.6296131087459056,0.32207501979739167,-0.32183901322611386
9,373000000,0.21928668193455575,-1.66517636476142,2.4619988022289956,0.630106823160022,0.6301837455125678,0.3209756637531993,-0.3206375860330933
9,604000000,0.2188694073311229,-1.637071582655982,2.4408035227853886,0.6307721619025777,0.6308567824262167,0.31968657527319994,-0.31929092286766025
9,802000000,0.21842999515879602,-1.6083761467239095,2.419397059402845,0.6315996820489232,0.6317080706440117,0.31805359883167494,-0.31759827359281956
10,0,0.2179523380040811,-1.5796937223558707,2.39823665048323,0.6326706266135949,0.632811980347942,0.3159256312846725,-0.3153852743009073
10,231000000,0.21734572172188626,-1.5524003311989627,2.378180063784134,0.634154532785303,0.6343269732977468,0.3129913548817318,-0.31227188676547796
10,528000000,0.21654357685281156,-1.5275483972064854,2.360048967516006,0.6364155572053997,0.6366010964452448,0.3085202245457014,-0.30745658815176335
10,759000000,0.21558038349395833,-1.5056609292587897,2.344078704757995,0.6400049813990553,0.6401778898506174,0.30125112959145284,-0.2996892558145512
11,56000000,0.2146802477977712,-1.486505359085481,2.329541545876586,0.6451699935995266,0.6452859845349016,0.29021584702729997,-0.2883339030635077
11,287000000,0.21423552680133817,-1.4695479075703624,2.314847498401074,0.651123838329477,0.6511341002592455,0.27671586012020905,-0.27475527910598013
11,518000000,0.21502532329999527,-1.453238515299993,2.2971568408212506,0.6567472032398152,0.6566066881301301,0.26300956490176775,-0.26148945850577976
11,716000000,0.2161107781112953,-1.4341748713159759,2.2745889954603524,0.6618939224747455,0.6615803378844374,0.24969191976794602,-0.24872039948164082
11,947000000,0.21695093986013564,-1.4068913848853706,2.2400552283930586,0.6666917947155304,0.6662155717739487,0.23653500543596437,-0.23607213725533996
12,178000000,0.2170495402795664,-1.350253204288435,2.16570751910275,0.671358779299355,0.6707918595162107,0.22295358309138089,-0.22272712104990533
12,376000000,0.21628116430256802,-1.2764558361073166,2.0473965120505118,0.6760421152607343,0.6754913503863881,0.20835923485126828,-0.2080022192169113
12,574000000,0.21522287364505788,-1.1961005112379381,1.899121684649142,0.6807093210219267,0.680203246153693,0.19265998918205318,-0.1919387734779439
12,772000000,0.2145981666877744,-1.1138112233862147,1.7434919456137705,0.6850131046457235,0.6845385970399196,0.17687372577690783,-0.17572603892434674
13,69000000,0.21536496711708353,-1.0334677824151763,1.5858102305922932,0.6884714349930515,0.6879984778153942,0.16279045616615764,-0.1617542738338719
13,267000000,0.2167078084576488,-0.9580334563287138,1.4289279624834699,0.6912753780899455,0.6907874440734716,0.15027098744645428,-0.14956499954505065
13,465000000,0.21810283719124807,-0.8898384638233513,1.2744047653867665,0.6937664341110615,0.6932627642785356,0.1381920485614187,-0.13776005328143662
13,663000000,0.21923871903717226,-0.8302343405819199,1.122512638036697,0.6961975952917043,0.6956970836467212,0.12530099376593906,-0.12495654075222852
13,894000000,0.2199847217722807,-0.781976929130963,0.9721895457833991,0.698677076112485,0.6981976654698976,0.11052701228410582,-0.11024582895893645
14,92000000,0.2203370880229842,-0.7445244665029624,0.8216072368947771,0.7010800882547753,0.7006434821302889,0.0937242305596959,-0.09381465454295013
14,290000000,0.22032928842203822,-0.7141745278435998,0.6679725643043527,0.7031516254794153,0.7027906846287828,0.07583285441473814,-0.07689228424215229
14,521000000,0.219953412083934,-0.6892824921060674,0.5094721665674482,0.7046750064683857,0.7044514378975064,0.058118043713671734,-0.061673332144550806
14,752000000,0.2193967024525884,-0.6694596420302881,0.34711536860532716,0.705516445789702,0.7054746024185384,0.041880503198202974,-0.05289757569621871
14,983000000,0.21884358349964797,-0.6553908212745915,0.18343008846242925,-0.5652806695618133,-0.5650759894177965,-0.03679497515304548,0.59982749237321
15,214000000,0.21842860553831356,-0.6478650902093113,0.019705553643297638,-0.21572757151724617,-0.21532308493333535,-0.02572611144097406,0.952069194529573
15,412000000,0.21815511792319778,-0.6491447182951984,-0.14433771664803385,0.2158302809914211,0.2164057590782262,-0.022188226144666204,0.951889447291803
15,610000000,0.21791741207915943,-0.661699918756616,-0.3107142945249266,0.565226915489646,0.5658812402780815,-0.036146189208060536,0.5991580834079901
15,841000000,0.21775606192746863,-0.6900027563472091,-0.48255214746700614,0.7051864576540722,0.7057996115996563,-0.04313404055456966,0.05194634493891333
16,138000000,0.21769886394049429,-0.7352770042070857,-0.660652360940944,0.704130041964773,0.7048116289831311,-0.06083672020571952,0.06115836105916449
16,402000000,0.21774496994797907,-0.7936450718904379,-0.842222647640368,0.702182352533933,0.7030036567149441,-0.08069479602822759,0.0788298948958525
16,600000000,0.21779521713784572,-0.8588947291144722,-1.0262812646162693,0.6993268449842973,0.7002919146230213,-0.10237745178501101,0.10025993997574272
17,524000000,0.2177709653026986,-0.9264011779782733,-1.2105669691121523,0.6956546553576232,0.6967806931345039,-0.12479787181671317,0.1224204122860492
17,788000000,0.21765010127400258,-0.9918198330376489,-1.3904002475224095,0.6918512118868178,0.6931311866267642,-0.14476608182485043,0.14125806274049005
17,986000000,0.21742273396094666,-1.0506447880155947,-1.5534621671563162,0.688871575211072,0.6902690024394192,-0.15800063186716837,0.15498534597529237
18,217000000,0.2171085765020076,-1.0981642870715023,-1.6254214808659644,0.6867408775965053,0.6882312309094025,-0.16654023066895052,0.1642835701086494
18,415000000,0.21684943187547012,-1.1349899141830297,-1.6845525700031623,0.6851775417722612,0.6867096417596674,-0.17266105539592194,0.17073301998968193
18,613000000,0.21666673036756137,-1.1645747959437216,-1.7334431661406322,0.6839774641647557,0.6855190554025867,-0.17733869537328914,0.17546920048257938
18,877000000,0.21660079557653364,-1.1875454973116533,-1.7722331032683958,0.6829911968474333,0.6845120015992091,-0.18120769543208315,0.17924875400333629
19,75000000,0.21662500390018966,-1.2043100982796964,-1.7989808201074022,0.6821484736400348,0.6836316361444936,-0.18451908232368044,0.18241149698251027
19,306000000,0.21662931571722271,-1.216367801645928,-1.8171168162062175,0.6813906614050225,0.6828525164395302,-0.1874128550509133,0.18519079108825198
19,537000000,0.2165363357759204,-1.2256537222336443,-1.8301327623596366,0.6806963137432896,0.6821781817795322,-0.18992213499025926,0.18765670625109665
19,735000000,0.2163453234974732,-1.2335392857436578,-1.840567991298628,0.6800642095700896,0.6815999843553546,-0.19207476570941937,0.18984577047240528
19,933000000,0.2161089307357729,-1.2409937624951302,-1.8499646979001418,0.6795149666294054,0.6811158656227697,-0.19386775112500004,0.19171823804040733
20,131000000,0.21593428082205565,-1.248382356442404,-1.8594559693079884,0.679058256181643,0.6807000536230259,-0.19536418154115662,0.19328776029513614
20,329000000,0.21589413349276074,-1.2556430702199766,-1.8695127799847802,0.6786951131564767,0.6803350891625505,-0.19663335485539996,0.19455701886596666
20,560000000,0.21597720064704046,-1.262599682139688,-1.8800292664805207,0.6783992441080833,0.6800019505078643,-0.1977703093764931,0.19559835793842334
20,758000000,0.21603426455197375,-1.2692523831379368,-1.890484596827336,0.6781134532235028,0.6796864680684386,-0.19884780391055284,0.19659094730403553
20,956000000,0.21604759557900738,-1.2756863255034996,-1.900458454453623,0.6777091958903826,0.6792579731594642,-0.20028466606933168,0.19800228342724774
21,154000000,0.21599388462383493,-1.2820476872162527,-1.9096917557819006,0.6769602202086775,0.6784974777339834,-0.20278932708111821,0.20060538822680948
21,418000000,0.2158477396480926,-1.2885091488746354,-1.9184134624425644,0.6754861544881458,0.6770393524467149,-0.20752896922698885,0.20559157877922338
21,649000000,0.2155695401055979,-1.2955768119744118,-1.927232031562297,0.6727760017186526,0.6744180990968874,-0.21595705311315824,0.21423172111684397
21,847000000,0.21513342833998822,-1.304414868375531,-1.9373246123532981,0.6686886331701474,0.6705318074086989,-0.227947042069727,0.22645695647059685
22,45000000,0.21452492409003734,-1.3170498933712933,-1.950757810859509,0.6635843268043109,0.6657328621662794,-0.24190226568618678,0.24070498812333066
22,276000000,0.2138054008738838,-1.3378034101544614,-1.971644993688731,0.6580683779485835,0.6605932092555424,-0.25601539991507943,0.2549877189903571
22,540000000,0.2132498715340338,-1.3948336352557444,-2.0229992601564173,0.6527617502244065,0.6555651014592747,-0.2690290874779721,0.26788028162488947
22,738000000,0.21313733365584875,-1.4875995594315004,-2.0943678738344684,0.6476322278076329,0.6504511710712336,-0.2813619712377159,0.2798592730252293
22,969000000,0.21382075223731697,-1.5915588212684182,-2.1717782064344338,0.6418484240160695,0.6441776186125561,-0.2951417457355779,0.29318449172986605
23,398000000,0.2145469041998261,-1.70380743668833,-2.2502519655586912,0.6345143054545255,0.6361802428328428,-0.3114260670873424,0.30932199976919955
23,629000000,0.21459128296518776,-1.8199097479181585,-2.3263629210661105,0.6245981242030788,0.6263100414318922,-0.33053844004297217,0.3291766317610281
23,860000000,0.21425483924879313,-1.9392993647090948,-2.3970781556556604,0.6120924987126437,0.6141351818062674,-0.3524322127401435,0.3520969850915818
24,58000000,0.21374389345644942,-2.060359043377756,-2.457368568685698,0.5980151066508644,0.6004297451961967,-0.3753652937509004,0.37545032900276687
24,256000000,0.21326430491532752,-2.1814718997388396,-2.5067768642129997,0.5840086616347391,0.5867541724587777,-0.39666194319705234,0.39662668475148577
24,520000000,0.21287896437568815,-2.2999502676859285,-2.5464228847771624,0.5721062412240427,0.5750858721920798,-0.4134549092442269,0.4135525678549468
24,751000000,0.21263756206095277,-2.409229478802637,-2.5726447209629564,0.564587951974505,0.5676512511200925,-0.4236098457344824,0.423753702265639
24,949000000,0.2126726894990327,-2.4685845571439984,-2.591212756547998,0.5603905385693873,0.5633713820839837,-0.42946044279425966,0.4291140386956044
25,246000000,0.21269434692580794,-2.517744392153007,-2.6050224259154406,0.5586315065213165,0.5615362975893616,-0.4320060983758594,0.4312523128951581
25,444000000,0.21248672880041797,-2.563879159254833,-2.616931518072486,0.5582262498094792,0.5611320417304129,-0.43260950470244985,0.4316981609970142
25,642000000,0.21189192184262928,-2.6113042075328545,-2.6293278271331486,0.5583245243275057,0.5613433236975915,-0.43240255597449767,0.4315036825582451
25,840000000,0.21083004185070056,-2.665053499089066,-2.644082667850577,0.5581924004238573,0.5614756892573098,-0.43236632001868436,0.43153871181573267
26,71000000,0.2093811495130203,-2.7514017219376257,-2.6620307049655856,0.5570782104374469,0.5608358927162627,-0.43346215234489266,0.4327095231000785
26,302000000,0.20785547937876864,-2.8790859890199276,-2.682779155822818,0.5539475573737526,0.5584684216272416,-0.43693531172257893,0.4362827742356138
26,500000000,0.20690058263812208,-3.0221514576003656,-2.705163621465526,0.5479653962893695,0.553231801891905,-0.4438737552879906,0.4434462619206608
26,962000000,0.20652350904110228,-3.1710523498455783,-2.7266805428027996,0.5400051255719437,0.5460469143393533,-0.4530697447637086,0.4527196020455139
27,193000000,0.20725611665199695,-3.3211729729983728,-2.7463144498662557,0.5305186376869551,0.5369213176151596,-0.4641295325499671,0.4635183391971964
27,424000000,0.20872214069394757,-3.4711095586175613,-2.761497625704138,0.5202482343955553,0.5269384431677258,-0.4757456456662255,0.47470383646006803
27,655000000,0.21114462286552566,-3.620930774882958,-2.7710174480059804,0.5097089582263354,0.5162019280269867,-0.4873639375895967,0.48601310655393776
27,886000000,0.2152070617794046,-3.7716579937634624,-2.7755714122836643,0.4988998786948755,0.5036467945074419,-0.4993025500337736,0.4981322926195293
28,117000000,0.21988630378325538,-3.923239776819219,-2.771187028783078,0.4867281571697582,0.4893950085615496,-0.5120846186453217,0.511231425051363
28,348000000,0.2248124677231098,-4.076496990003787,-2.755406441310674,0.47253476393979227,0.4730945621450202,-0.5260868534115385,0.5254760268601442
28,678000000,0.22974727577132312,-4.232160993996382,-2.7268717495493737,0.45654847461407955,0.454865705980545,-0.5410301895158449,0.5403212136154073
28,876000000,0.23421325712755137,-4.389399636019343,-2.685941363526248,0.43979737510316547,0.4356931936505507,-0.5559381716578355,0.5546913188005491
29,734000000,0.23740219005704413,-4.547537186570871,-2.63248578000213,0.4231237963684409,0.41660879809646645,-0.5699339852707103,0.5679600467716208
29,998000000,0.23762189426723684,-4.704322843608249,-2.571428796083531,0.4086178088853663,0.40105064023327236,-0.5808203435645525,0.5786515348046352
30,658000000,0.23521325208298394,-4.858716154811517,-2.5076665458713223,0.39665620919740346,0.3913901322728708,-0.588309866509385,0.5859770618652917
30,889000000,0.23231077939715572,-5.004855599377541,-2.4454201010650034,0.38764697068668247,0.38401010200093866,-0.5936121678225997,0.5915155635244271
31,87000000,0.2296553643706554,-5.10933703267375,-2.3882363794244,0.3807058245069032,0.37800259414781673,-0.597604544815239,0.595857300047764
31,351000000,0.22764898603196757,-5.19700908024385,-2.3393709062764856,0.3751565715577323,0.37285447076578143,-0.6008174035388386,0.5993792939799184
31,549000000,0.2263289616183349,-5.272506089954529,-2.2988568014203734,0.3706807939630177,0.36844818859364176,-0.6034628334642699,0.60222445145999
31,747000000,0.22557218336966317,-5.332843127838687,-2.26612741290518,0.36679438209877985,0.3644708563203371,-0.6058108924123465,0.6046619210670132
31,978000000,0.22515891308766214,-5.37071443650156,-2.2423224904550483,0.3632026131579803,0.36078156632392355,-0.6079761459194072,0.6068653303567891
32,176000000,0.2248993401450421,-5.392958277601047,-2.225226855668,0.3598945531685877,0.3574471460846262,-0.6099326690826763,0.6088428266319814
32,407000000,0.2247257195834086,-5.409156206758906,-2.2123335923918264,0.3567084746565418,0.35428222129577525,-0.6117860801932129,0.6107053003403184
32,605000000,0.22460757194069225,-5.422300260821169,-2.2018400834593876,0.35368073527914184,0.3512865675160892,-0.6135296439837318,0.6124451493222597
32,869000000,0.22449768530186065,-5.433887528899306,-2.1925176824871175,0.3508624047306525,0.3485137960103433,-0.6151308581016096,0.6140421275028791
33,100000000,0.22440197325955152,-5.444833189857161,-2.183733160368327,0.348330021868529,0.346017186428165,-0.6165574552396808,0.6154634082947382
33,331000000,0.22429239179969507,-5.455626746937845,-2.1751225172635205,0.3461128263112339,0.3438391605801873,-0.6177922374204788,0.6166954633345058
33,529000000,0.22419942119966946,-5.466507205377416,-2.166610826095418,0.34418611255988013,0.3419310686774026,-0.6188639015226863,0.6177592861189266
33,793000000,0.22411312279711854,-5.477381974766074,-2.1583105446029123,0.34247511882980625,0.3402258355758987,-0.6198170259136265,0.6186954244026528
33,991000000,0.22400018684533876,-5.487590212923819,-2.150381595383785,0.34102746562542846,0.3388015141913761,-0.6206130722308663,0.6194781806059788
34,189000000,0.2238891893208065,-5.496646112112079,-2.143266463828116,0.33977861736700915,0.3375807606810236,-0.621292734441865,0.6201492234357272
34,486000000,0.2238241776232792,-5.503954503911572,-2.1375214169428207,0.3386731756947453,0.33649594584860476,-0.6218888514121255,0.6207456926806633
34,684000000,0.22383948385339514,-5.508762595580928,-2.133777670857497,0.33769756039466736,0.3355175987171065,-0.6224175670028251,0.6212766460610606
34,915000000,0.22394510537574003,-5.510932380792262,-2.1321064601335262,0.33683773305260367,0.3346236761493446,-0.6228937031521866,0.6217481576375092
35,179000000,0.22412433618870864,-5.511526566283592,-2.131834716752983,0.33605070896189787,0.33376684557195746,-0.6233475792127231,0.6221795635447928
35,476000000,0.22430844250316745,-5.512638688727449,-2.131378426916231,0.33532386790894736,0.33295923106080394,-0.6237783697036738,0.6225725656915889
35,707000000,0.22441630672100382,-5.516184096951071,-2.129180981648528,0.3346982133063125,0.33227791166487314,-0.6241473975594377,0.6229033003195394
35,971000000,0.22440479883573364,-5.522719101396365,-2.124756883046576,0.3342016355571252,0.3317681275254567,-0.6244324155134442,0.6231559474202586
36,268000000,0.2243100477217574,-5.5316523074423625,-2.118686804031932,0.3337945962079301,0.33135904991029286,-0.6246621130009461,0.6233615260554074
36,499000000,0.22412460358525593,-5.541772409660044,-2.1118174888665724,0.33346847601515744,0.3310555638732363,-0.6248220132055259,0.6235370405569307
36,697000000,0.2237990427098847,-5.552046097520448,-2.104878397538514,0.33320120133617365,0.3308894950877446,-0.624881232885523,0.6237087030466841
36,895000000,0.2232741263756562,-5.561713251375283,-2.098464629060882,0.33292800796234484,0.33087154703800853,-0.6248132591705294,0.6239321694219659
37,126000000,0.222523350803841,-5.570280529303892,-2.0932032227353945,0.33250671327944165,0.3309132563875933,-0.6246467902617975,0.6243012812630584
37,324000000,0.22153700469776696,-5.577246179858009,-2.089509984090725,0.3318561705217109,0.3309704643876821,-0.6244055467391595,0.624858181502842
37,555000000,0.22038250457871622,-5.582389448317873,-2.0874252268306535,0.330916051679207,0.33088249525239205,-0.6242352743087299,0.6255730679827096
37,753000000,0.21926621277807182,-5.586118252012434,-2.0864775430863935,0.3296211653410608,0.33028338735585444,-0.6244490042919276,0.6263594913743735
37,984000000,0.21841816900670044,-5.589749825655042,-2.0856728294586295,0.327554733935257,0.3283784273410774,-0.6255953795644243,0.6273005067758576
38,248000000,0.21769456468596182,-5.595560492589728,-2.0837138361480805,0.3232562539397816,0.3235799488431179,-0.6284118237383877,0.6292058413439106
38,446000000,0.21677968074720183,-5.607659505215018,-2.078505444351251,0.31332448522126083,0.3129950771163383,-0.6337729436594706,0.6341874364468119
38,644000000,0.21573442228308187,-5.642638476679657,-2.0651722188797916,0.29302848376564156,0.29313461365439925,-0.6424485992600074,0.6445666786986044
38,875000000,0.21514536071591664,-5.7037606057707215,-1.970302817913827,0.26634476227834153,0.266372115053772,-0.6534272292255642,0.6566119249871083
39,865000000,0.215707415057604,-5.770728658721591,-1.8578295646327514,0.23714177959046878,0.23696840290666013,-0.6651597394083373,0.6672123151342196
40,63000000,0.21647443703445823,-5.838495262231588,-1.7407307520093644,0.20923683935781326,0.20881000264058916,-0.6752911957306491,0.6757219315824078
40,261000000,0.2171487459719362,-5.9053259253079515,-1.6195900212115018,0.18601358701419043,0.18530060089803013,-0.6827853824031596,0.6818113773834478
40,492000000,0.21765014133991747,-5.970510105380519,-1.492933896790331,0.16717057599017004,0.16623124605555994,-0.6880951379907975,0.6862552385456566
40,690000000,0.21788028358392594,-6.032044716315552,-1.36181928508865,0.15027713175422266,0.1492294950167947,-0.6920832365698829,0.6900493715291045
40,888000000,0.21778518315079942,-6.087845159906999,-1.2260835468489772,0.13335143650082912,0.13234903580763355,-0.6954212521223275,0.6936068116739982
41,86000000,0.21750194415083457,-6.1352290008581,-1.0854156204534,0.11484701096978252,0.11396710572514994,-0.6985277463896982,0.6970513972496352
41,350000000,0.21707729524397185,-6.172409126651301,-0.9371825117336147,0.09430247056206076,0.09358990897272129,-0.7014778034447383,0.7001977322576207
41,614000000,0.2166141689058495,-6.201441671031489,-0.7739550111325644,0.07296906224827329,0.07240639167693637,-0.7040381505007034,0.7026827968852537
41,878000000,0.21621721384921572,-6.22421379386935,-0.5959969270163736,0.05284591634498814,0.052340812108554575,-0.7059607885729069,0.7043345181879098
42,76000000,0.2159128135401574,-6.240858223827036,-0.412266568416452,0.03516689280926894,0.03461222517804632,-0.7072252504654856,0.7052642969996403
42,373000000,0.21566813622691167,-6.251067964189469,-0.2250775260761126,0.019636683351342613,0.01898026663786634,-0.7079502622576029,0.7057340691186064
42,571000000,0.21543440968859096,-6.254446555243564,-0.036991232365593874,0.005486317556574465,0.004739684496391415,-0.7082490632057722,0.7059254211166286
42,802000000,0.21512178258520975,-6.249615669101881,0.15149219611436548,-0.008952251831518666,-0.00970820061877147,-0.7081675513821777,0.7059209071824275
43,0,0.21475249662930762,-6.234049141854178,0.3412823992317241,-0.02534692605010905,-0.026049580157580018,-0.7076052093008126,0.7056726014829947
43,198000000,0.21434367276606853,-6.200811580314965,0.5353578748621185,-0.04510051936208481,-0.04572935180900454,-0.7063580291587707,0.7049348226462754
43,462000000,0.21387720375177988,-6.133668120679565,0.7362117645713586,-0.06813065312064691,-0.068677129777383,-0.704226259585013,0.7033541364503352
43,726000000,0.21327050430062855,-6.058093441146782,0.9419233547407133,-0.09295460016196867,-0.09333866806699598,-0.701205901819378,0.7006836794202363
44,881000000,0.21261461675259097,-5.980103679330296,1.1489982894787152,-0.11799241201542116,-0.11818303941126894,-0.6975139984808789,0.6968391362613857
45,79000000,0.21204986253516478,-5.9043386598570935,1.352839624352744,-0.13963600045068825,-0.13961218410950565,-0.6939808603676569,0.6923877460424004
45,277000000,0.2116028390337529,-5.836193364060636,1.545488883283935,-0.15396620590821244,-0.15379176981381296,-0.6912560158168155,0.6890628560391481
45,508000000,0.21127273754665982,-5.786632903029152,1.6316631406921227,-0.16318081837992696,-0.16288224250142067,-0.689276906116564,0.6868323975213627
45,772000000,0.21111581522096526,-5.752387842881305,1.6911141608294766,-0.16932983814914232,-0.16899332559707791,-0.6878303119778139,0.6853160757931543
45,970000000,0.21112247921805724,-5.729663995284797,1.7255517641351081,-0.17353064288160047,-0.17323474543617226,-0.6867668578688966,0.6842719648558211
46,201000000,0.2111984403358315,-5.713737326739782,1.7487032263625943,-0.17663252642830088,-0.17638154238801632,-0.6859490448960797,0.6834942647298046
46,465000000,0.21134920371167068,-5.701664874361536,1.7655333541329172,-0.17918289742188723,-0.17901401281666263,-0.685250568593109,0.6828463448899716
46,729000000,0.21148640742687919,-5.691810549675106,1.7789103072268058,-0.18164597072471764,-0.18152695474706657,-0.6845738210128296,0.6822106636542893
46,960000000,0.21154241163314602,-5.682876028145511,1.7902345468564487,-0.18398949699771164,-0.18388338479900848,-0.6839424459901715,0.6815845482127438
47,191000000,0.21150246956125066,-5.674245002695693,1.8007494081901414,-0.1862927450427772,-0.1861599424410855,-0.6833385573409242,0.6809463305033541
47,422000000,0.211448714866649,-5.665765461691933,1.8113662038659457,-0.18854628290239744,-0.18838012075376567,-0.6827442756869239,0.6803113135361072
47,653000000,0.21146822113240085,-5.657465046072753,1.8224791170321548,-0.19073051240492278,-0.19054579833428198,-0.6821436026743987,0.679701607843691
47,950000000,0.21157307387895308,-5.649469262723526,1.83410141814889,-0.1928729814992866,-0.19269622847427775,-0.6815253382086303,0.6791107346515566
48,214000000,0.21170850111181336,-5.6418551281539475,1.8457947806974735,-0.19501521517759082,-0.19486409467161656,-0.6808868645066875,0.6785205436825779
48,445000000,0.21179372153383078,-5.634468074815666,1.8571330127552772,-0.1973483745554592,-0.19723601623213002,-0.6801851987799844,0.6778640485538603
48,643000000,0.21177329956094448,-5.626784334946702,1.8680289448288874,-0.20021657465364365,-0.20012512600603646,-0.6793235113170517,0.6770397507878704
48,874000000,0.2116419381656903,-5.618190113796192,1.8791999051931596,-0.2041421031870093,-0.20405793538506115,-0.6781392080931131,0.6758798526066716
49,138000000,0.21133353613740086,-5.607744040574836,1.8919502621862065,-0.20935346984034295,-0.20918150094427482,-0.6765778237791107,0.674282339008543
49,435000000,0.21069359399455176,-5.593860533733958,1.9078813979762352,-0.21521013058789767,-0.21472815455640276,-0.6748849651200965,0.6723888035861304
49,633000000,0.2095945331108123,-5.575163466843876,1.9284088137743423,-0.22134095450504215,-0.2201629650581966,-0.6732463915234976,0.670280349537542
49,897000000,0.20817275047522266,-5.5525245175341835,1.9526370020455188,-0.22848179293288018,-0.2261647060120984,-0.6713696391364316,0.6677637334405451
50,95000000,0.2069516201586359,-5.528133124140696,1.9786040512653111,-0.23799196589379343,-0.23441334309385664,-0.6685958333418752,0.664371748637352
51,151000000,0.2067362383690261,-5.502254669514239,2.0063729732779043,-0.25044662957424385,-0.24709794526695236,-0.6641947501415884,0.6595941366204713
51,382000000,0.20802630015102366,-5.474824994264381,2.0381249827157646,-0.26619969971543644,-0.2643680569250843,-0.6573018416995426,0.6536065630388486
51,613000000,0.2096005467938268,-5.443761712426455,2.074589031052278,-0.2835298980097226,-0.2828309739458347,-0.6492611657054611,0.6465890316253692
51,811000000,0.2107634031364708,-5.402586845248506,2.1208523014141614,-0.30044411708427704,-0.3002930424955932,-0.6412002093937447,0.6390772352475147
52,42000000,0.21136645597803386,-5.304487000194552,2.1819639521852925,-0.3155384141547982,-0.31532602617149275,-0.6338779359091795,0.6318257424156507
52,240000000,0.21163698173924955,-5.190799273062694,2.2505779337174032,-0.3282249540566778,-0.3276861362626313,-0.6275304994029065,0.6253764050193281
52,471000000,0.21168069946060944,-5.071602007541039,2.3218176942359396,-0.3395197900243458,-0.3386345479968493,-0.6216562146934028,0.6193516818560063
52,702000000,0.21171412692311303,-4.950985417398223,2.3920330017562064,-0.35110778905067963,-0.3499626832940995,-0.6152330555892201,0.6129744921935079
53,32000000,0.21187348985408425,-4.830283459993085,2.457443314304162,-0.3644284986173943,-0.3631646948442808,-0.6073203945316137,0.6053637024137617
53,230000000,0.2121677107355744,-4.709145230606165,2.5136082334204204,-0.37973619162526534,-0.378467707491214,-0.5976940550015842,0.5960909626659743
53,461000000,0.21252983461836605,-4.585291483360865,2.5619605220251636,-0.39633774927663185,-0.3950891202194459,-0.586694644253896,0.5853292833835947
53,725000000,0.21296456501293587,-4.452504183784272,2.6059613162870376,-0.41305827967299197,-0.411852664649142,-0.5750236241379149,0.573679415613187
53,989000000,0.21350947687534458,-4.288997689668573,2.64674986859421,-0.4284650126004799,-0.4273379061803827,-0.563709529599387,0.5621668908406781
54,220000000,0.2141220959952414,-4.11494456919479,2.6842394840809245,-0.4418089730819057,-0.4407675920566866,-0.5533987778100011,0.5516144974665361
54,451000000,0.21478957697961834,-3.9361421485939383,2.717384457313202,-0.4535886860606756,-0.45262223302558613,-0.5438304383111331,0.5418845563540291
54,748000000,0.21540422703650544,-3.7546742741780554,2.7428452221321766,-0.4649283109097665,-0.46398948669211454,-0.5341614019297,0.5321907727894925
54,946000000,0.21600861828867557,-3.5706880797163767,2.758583317775947,-0.47681884477665193,-0.4759030254936305,-0.5234048553994451,0.5217350447652085
55,144000000,0.21657650056306765,-3.381609561306928,2.7622325464379616,-0.4901575067921622,-0.48926546186310915,-0.510529379964475,0.5096319049630416
55,375000000,0.21706059855230106,-3.178104113628777,2.7436475779768768,0.5059446293868309,0.5050943331267937,0.4942124594852137,-0.49462489982551217
55,738000000,0.2174446296921317,-2.9588904553043527,2.6947033272664473,0.524960673178861,0.524222178864301,0.473062771368752,-0.47520418048169355
55,936000000,0.2175680670308965,-2.7343487373435247,2.6363780786594257,0.5457028927851861,0.5450832522084834,0.44828396934088977,-0.4518120005042794
57,355000000,0.21733429673381965,-2.5082821815315244,2.575118221307631,0.5661705398929701,0.5656703376057481,0.42221970896467187,-0.42567417853575473
57,553000000,0.21669363062449706,-2.285311549026687,2.5153766727343823,0.5837630927175133,0.5833784464030184,0.398599219977165,-0.4000111269538392
57,751000000,0.21568686564395864,-2.073142837040856,2.4607795142997673,0.5960461350154597,0.5957414721950682,0.38077392519768016,-0.38056841846051376
58,48000000,0.21454261868306937,-2.0069901166680046,2.413923839914934,0.6044397085861507,0.6041738593041953,0.36774363639241614,-0.3665940592953547
58,708000000,0.21371673160981594,-1.9567164464856033,2.373796651501706,0.6101579512085761,0.6098778106572268,0.3583795488204458,-0.3568198840201519
59,5000000,0.21410719142229315,-1.914551791006767,2.3509602557779044,0.6145978077311095,0.614321578116656,0.35073559788877057,-0.349088919569187
59,203000000,0.21501560569032635,-1.8899521694562582,2.338194868634254,0.6173574769568129,0.6170902868951569,0.34575985344443505,-0.34426653513121813
59,401000000,0.21605834277076896,-1.877052192984253,2.330825856929165,0.6187847191738594,0.6185229259896939,0.3430480933788634,-0.34183748619951343
59,599000000,0.21697573902033987,-1.8699338640326986,2.326234808546479,0.6193329642416565,0.6190764224595089,0.34191922595178625,-0.3409725875827997
59,830000000,0.21770119044178565,-1.8651542259934442,2.322802784012147,0.6194076359670744,0.6191609487150755,0.34166448820595713,-0.34093881795842707
60,94000000,0.21822018474033883,-1.8600836234361913,2.3190639758552676,0.6193407611259691,0.6191093037899412,0.34169720740332,-0.34112125413320715
60,358000000,0.2184977960096561,-1.8524447468911946,2.3127912695463553,0.6192649476855058,0.6190497729251422,0.3418043147902478,-0.34125959854657156
60,556000000,0.21860527459118523,-1.838337688951384,2.300645087515962,0.6192785223185879,0.6190869023049821,0.3417871244823029,-0.3411848190166828
60,754000000,0.21869609535781911,-1.8018296826592857,2.2760417251220395,0.6194620003339738,0.6193145820986449,0.3414370701293784,-0.3407887992344799
60,952000000,0.21893501787933387,-1.737762174069472,2.239107630286781,0.6198524507726457,0.619783905588266,0.3406064950820369,-0.34005597355851663
61,513000000,0.21930559224184448,-1.6674077461683416,2.196946376377601,0.6203856066100975,0.6204166366004995,0.33943486554928065,-0.33910008580047146
61,744000000,0.21968148980299487,-1.5958488078515347,2.153773695414052,0.6208728866806038,0.6209799755733412,0.33836913818941655,-0.3382411193849415
61,942000000,0.2200539194727238,-1.5245373770313793,2.1108801865783415,0.6213131777225757,0.6214837010480233,0.3374043866231575,-0.3374703311513134
